Hex,Flight,Altitude,Speed,Lat,Lon,Track,Messages,Seen
a4dd35,,0,0,0.000000,0.000000,0,1,1677185012
89901f,,0,266,0.000000,0.000000,96,1,1677185014
a4dd35,,0,0,0.000000,0.000000,0,2,1677185015
a4dd35,,0,0,0.000000,0.000000,0,3,1677185015
a4dd35,,29050,0,0.000000,0.000000,0,5,1677185018
a4dd35,,29025,0,0.000000,0.000000,0,6,1677185018
a4dd35,,29025,0,0.000000,0.000000,0,7,1677185018
a4dd35,,29025,0,0.000000,0.000000,0,8,1677185018
a4dd35,,29025,0,0.000000,0.000000,0,9,1677185019
aa76cb,,28000,0,0.000000,0.000000,0,2,1677185021
aa76cb,,28000,0,0.000000,0.000000,0,3,1677185021
aa76cb,,28000,0,0.000000,0.000000,0,4,1677185021
aa76cb,,28000,0,0.000000,0.000000,0,6,1677185021
aa76cb,,28000,0,33.944275,-118.449433,0,7,1677185022
aa76cb,,28000,0,33.944275,-118.449433,0,9,1677185022
aa76cb,,28000,0,33.944275,-118.449433,0,10,1677185022
aa76cb,,28000,0,33.944275,-118.449433,0,11,1677185022
aa76cb,,28000,429,33.944275,-118.449433,352,12,1677185022
89901f,,0,266,0.000000,0.000000,96,2,1677185022
aa76cb,,28000,429,33.946311,-118.449783,352,13,1677185023
aa76cb,,28000,429,33.946311,-118.449783,352,14,1677185023
a4dd35,,28950,0,33.843475,-118.316812,0,11,1677185023
aa76cb,,28000,429,33.946311,-118.449783,352,15,1677185023
aa76cb,,28000,429,33.946311,-118.449783,352,17,1677185023
aa76cb,,28000,429,33.946311,-118.449783,352,18,1677185023
a4dd35,,28950,471,33.843475,-118.316812,132,12,1677185023
a4dd35,,28950,471,33.843475,-118.316812,132,13,1677185023
a4dd35,,28950,471,33.843475,-118.316812,132,14,1677185023
aa76cb,,28000,429,33.948349,-118.450162,352,19,1677185024
aa76cb,,28000,429,33.948349,-118.450162,352,20,1677185024
a4dd35,,28950,471,33.841827,-118.314626,132,15,1677185024
aa76cb,,28000,429,33.948349,-118.450162,352,21,1677185024
a4dd35,,28950,471,33.841827,-118.314626,132,16,1677185024
aa76cb,,28000,429,33.948349,-118.450162,352,22,1677185024
89901f,,0,264,0.000000,0.000000,96,3,1677185024
a4dd35,,28950,471,33.841827,-118.314626,132,17,1677185024
89901f,,7675,264,0.000000,0.000000,96,5,1677185024
aa76cb,,28000,429,33.950226,-118.450498,352,23,1677185025
89901f,,7650,264,0.000000,0.000000,96,6,1677185025
a4dd35,,28925,471,33.841827,-118.314626,132,18,1677185025
a4dd35,,28925,471,33.841827,-118.314626,132,19,1677185025
a4dd35,,28925,471,33.841827,-118.314626,132,20,1677185025
a4dd35,,28925,471,33.840218,-118.312569,132,21,1677185025
a4dd35,,28925,471,33.840218,-118.312569,132,22,1677185025
aa76cb,,28000,429,33.950226,-118.450498,352,24,1677185025
89901f,,7650,264,0.000000,0.000000,96,7,1677185025
a4dd35,,28925,471,33.840218,-118.312569,132,23,1677185025
aa76cb,,28000,429,33.950226,-118.450498,352,25,1677185025
a4dd35,,28925,471,33.840218,-118.312569,132,24,1677185025
aa76cb,,28000,429,33.950226,-118.450498,352,26,1677185025
aa76cb,,28000,429,33.950226,-118.450498,352,27,1677185026
a4dd35,,28900,471,33.840218,-118.312569,132,25,1677185026
89901f,,7650,264,0.000000,0.000000,96,8,1677185026
a4dd35,,28900,471,33.838760,-118.310759,132,26,1677185026
aa76cb,,28000,429,33.950226,-118.450498,352,28,1677185026
89901f,,7600,264,0.000000,0.000000,96,9,1677185028
89901f,,7600,264,0.000000,0.000000,96,10,1677185028
89901f,,7600,264,0.000000,0.000000,96,11,1677185029
aa76cb,,28000,429,33.950226,-118.450498,352,29,1677185029
aa76cb,,28025,429,33.950226,-118.450498,352,30,1677185030
89901f,,7600,264,0.000000,0.000000,96,12,1677185031
89901f,,7500,264,0.000000,0.000000,96,13,1677185034
89901f,,7475,264,0.000000,0.000000,96,14,1677185035
89901f,,7450,264,0.000000,0.000000,96,15,1677185035
a7dc06,,0,0,0.000000,0.000000,0,1,1677185036
a6a11e,,0,0,0.000000,0.000000,0,1,1677185037
89901f,,7450,264,0.000000,0.000000,96,16,1677185037
89901f,,7375,264,0.000000,0.000000,96,17,1677185040
a24493,,39000,0,0.000000,0.000000,0,1,1677185040
89901f,,7375,264,0.000000,0.000000,96,18,1677185040
89901f,,7375,264,0.000000,0.000000,96,19,1677185041
89901f,,7375,264,0.000000,0.000000,96,20,1677185041
89901f,,7375,264,0.000000,0.000000,96,21,1677185041
a24493,,39000,0,0.000000,0.000000,0,2,1677185041
89901f,,7375,264,0.000000,0.000000,96,22,1677185041
89901f,,7350,264,0.000000,0.000000,96,23,1677185042
a24493,,39000,0,0.000000,0.000000,0,3,1677185042
89901f,,7350,258,0.000000,0.000000,96,24,1677185042
89901f,,7350,258,0.000000,0.000000,96,25,1677185042
a24493,,39000,0,0.000000,0.000000,0,4,1677185042
89901f,,7325,258,0.000000,0.000000,96,28,1677185044
89901f,,7325,258,0.000000,0.000000,96,29,1677185044
a7dc06,,0,0,0.000000,0.000000,0,2,1677185044
89901f,,7300,258,0.000000,0.000000,96,31,1677185044
89901f,,7300,258,0.000000,0.000000,96,32,1677185045
89901f,,7300,258,0.000000,0.000000,96,33,1677185045
89901f,,7300,258,0.000000,0.000000,96,34,1677185045
89901f,,7275,258,0.000000,0.000000,96,35,1677185046
89901f,,7275,258,0.000000,0.000000,96,36,1677185046
89901f,,7275,258,0.000000,0.000000,96,37,1677185046
aa76cb,,28025,429,33.950226,-118.450498,352,31,1677185047
89901f,,7275,258,0.000000,0.000000,96,38,1677185047
89901f,,7250,258,0.000000,0.000000,96,42,1677185048
89901f,,7225,254,0.000000,0.000000,92,44,1677185050
a7dc06,,0,0,0.000000,0.000000,0,3,1677185050
89901f,,7200,254,0.000000,0.000000,92,45,1677185051
89901f,,7200,254,0.000000,0.000000,92,46,1677185051
89901f,CAL006  ,7200,254,0.000000,0.000000,92,47,1677185051
89901f,CAL006  ,7200,254,0.000000,0.000000,92,48,1677185051
89901f,CAL006  ,7175,254,0.000000,0.000000,92,49,1677185053
a7dc06,,0,0,0.000000,0.000000,0,4,1677185053
89901f,CAL006  ,7175,254,0.000000,0.000000,92,50,1677185053
89901f,CAL006  ,7175,254,0.000000,0.000000,92,51,1677185053
89901f,CAL006  ,7175,252,0.000000,0.000000,90,52,1677185054
a7dc06,,0,0,0.000000,0.000000,0,5,1677185055
89901f,CAL006  ,7150,252,0.000000,0.000000,90,53,1677185055
aa76cb,,28600,429,33.950226,-118.450498,352,32,1677185056
89901f,CAL006  ,7125,252,0.000000,0.000000,90,54,1677185057
89901f,CAL006  ,7100,252,0.000000,0.000000,90,55,1677185057
89901f,CAL006  ,7100,252,0.000000,0.000000,90,56,1677185057
89901f,CAL006  ,7100,252,0.000000,0.000000,90,57,1677185058
89901f,CAL006  ,7100,252,0.000000,0.000000,90,59,1677185059
89901f,CAL006  ,7100,252,0.000000,0.000000,90,61,1677185059
89901f,CAL006  ,7075,252,0.000000,0.000000,90,62,1677185059
89901f,CAL006  ,7075,252,0.000000,0.000000,90,63,1677185059
89901f,CAL006  ,7075,252,0.000000,0.000000,90,64,1677185060
89901f,CAL006  ,7075,246,0.000000,0.000000,84,65,1677185062
89901f,CAL006  ,7050,246,0.000000,0.000000,84,66,1677185063
a7dc06,,39000,0,0.000000,0.000000,0,8,1677185063
a7dc06,,39000,0,0.000000,0.000000,0,11,1677185064
89901f,CAL006  ,7025,246,0.000000,0.000000,84,67,1677185064
a7dc06,,39000,0,0.000000,0.000000,0,12,1677185064
a7dc06,,39000,0,0.000000,0.000000,0,13,1677185065
a7dc06,,39000,0,0.000000,0.000000,0,14,1677185065
a7dc06,,39000,0,0.000000,0.000000,0,15,1677185065
a7dc06,,39000,0,0.000000,0.000000,0,16,1677185065
89901f,CAL006  ,7025,246,0.000000,0.000000,84,68,1677185065
a7dc06,,39000,0,0.000000,0.000000,0,17,1677185065
89901f,CAL006  ,7000,246,0.000000,0.000000,84,70,1677185066
a7dc06,,39000,0,0.000000,0.000000,0,18,1677185066
a7dc06,,39000,0,0.000000,0.000000,0,20,1677185067
89901f,CAL006  ,7000,246,0.000000,0.000000,84,71,1677185067
a7dc06,,39000,0,0.000000,0.000000,0,21,1677185067
89901f,CAL006  ,7000,246,0.000000,0.000000,84,72,1677185067
a7dc06,,39000,0,0.000000,0.000000,0,22,1677185068
89901f,CAL006  ,7000,246,0.000000,0.000000,84,73,1677185068
a7dc06,,39000,0,0.000000,0.000000,0,23,1677185069
89901f,CAL006  ,7000,246,0.000000,0.000000,84,75,1677185069
89901f,CAL006  ,7000,246,0.000000,0.000000,84,76,1677185069
89901f,CAL006  ,7000,246,0.000000,0.000000,84,77,1677185069
a7dc06,,39000,0,0.000000,0.000000,0,24,1677185069
89901f,CAL006  ,7000,246,0.000000,0.000000,84,79,1677185069
89901f,CAL006  ,6975,246,0.000000,0.000000,84,80,1677185069
89901f,CAL006  ,6975,238,0.000000,0.000000,79,81,1677185069
89901f,CAL006  ,6975,238,0.000000,0.000000,79,82,1677185069
a7dc06,,39000,0,0.000000,0.000000,0,25,1677185070
a7dc06,,39000,0,0.000000,0.000000,0,26,1677185070
a7dc06,,39000,486,0.000000,0.000000,141,28,1677185070
a7dc06,,39000,486,0.000000,0.000000,141,29,1677185070
a7dc06,,39000,486,0.000000,0.000000,141,30,1677185071
a7dc06,,39000,486,0.000000,0.000000,141,31,1677185071
a7dc06,,39000,486,0.000000,0.000000,141,32,1677185071
a7dc06,,39000,486,0.000000,0.000000,141,34,1677185072
89901f,CAL006  ,6975,238,0.000000,0.000000,79,83,1677185072
a7dc06,,39000,486,0.000000,0.000000,141,35,1677185072
a7dc06,,39000,486,0.000000,0.000000,141,36,1677185072
a24493,,39000,0,0.000000,0.000000,0,5,1677185073
a24493,,39000,0,0.000000,0.000000,0,6,1677185073
89901f,CAL006  ,6950,238,0.000000,0.000000,79,85,1677185073
89901f,CAL006  ,6950,238,0.000000,0.000000,79,86,1677185074
89901f,CAL006  ,6950,238,0.000000,0.000000,79,87,1677185074
89901f,CAL006  ,6950,238,0.000000,0.000000,79,88,1677185074
a24493,,39000,0,0.000000,0.000000,0,7,1677185074
89901f,CAL006  ,6950,238,0.000000,0.000000,79,89,1677185075
a24493,,39000,459,0.000000,0.000000,154,8,1677185075
a24493,,39000,459,0.000000,0.000000,154,9,1677185075
89901f,CAL006  ,6925,238,0.000000,0.000000,79,90,1677185075
89901f,CAL006  ,6925,238,0.000000,0.000000,79,92,1677185075
89901f,CAL006  ,6925,238,0.000000,0.000000,79,93,1677185075
89901f,CAL006  ,6925,238,0.000000,0.000000,79,98,1677185076
89901f,CAL006  ,6925,232,0.000000,0.000000,77,101,1677185076
89901f,CAL006  ,6925,232,0.000000,0.000000,77,102,1677185076
89901f,CAL006  ,6900,232,0.000000,0.000000,77,103,1677185076
89901f,CAL006  ,6900,232,0.000000,0.000000,77,104,1677185076
89901f,CAL006  ,6900,232,0.000000,0.000000,77,105,1677185076
89901f,CAL006  ,6900,232,0.000000,0.000000,77,106,1677185076
89901f,CAL006  ,6900,232,0.000000,0.000000,77,107,1677185077
89901f,CAL006  ,6900,232,0.000000,0.000000,77,108,1677185077
89901f,CAL006  ,6875,232,0.000000,0.000000,77,110,1677185078
89901f,CAL006  ,6875,232,0.000000,0.000000,77,111,1677185078
89901f,CAL006  ,6875,232,0.000000,0.000000,77,112,1677185078
89901f,CAL006  ,6875,232,0.000000,0.000000,77,113,1677185078
89901f,CAL006  ,6875,230,0.000000,0.000000,77,114,1677185079
89901f,CAL006  ,6875,230,0.000000,0.000000,77,115,1677185079
89901f,CAL006  ,6875,230,0.000000,0.000000,77,116,1677185079
89901f,CAL006  ,6875,230,0.000000,0.000000,77,118,1677185079
89901f,CAL006  ,6875,230,0.000000,0.000000,77,120,1677185079
89901f,CAL006  ,6875,230,0.000000,0.000000,77,121,1677185079
89901f,CAL006  ,6875,230,0.000000,0.000000,77,122,1677185079
89901f,CAL006  ,6875,230,0.000000,0.000000,77,123,1677185079
89901f,CAL006  ,6875,230,34.015366,-118.427965,77,124,1677185079
89901f,CAL006  ,6875,230,34.015366,-118.427965,77,125,1677185080
89901f,CAL006  ,6875,229,34.015366,-118.427965,77,127,1677185080
89901f,CAL006  ,6850,229,34.015366,-118.427965,77,128,1677185080
89901f,CAL006  ,6850,229,34.015366,-118.427965,77,129,1677185080
89901f,CAL006  ,6850,229,34.015503,-118.427236,77,130,1677185080
89901f,CAL006  ,6850,229,34.015503,-118.427236,77,131,1677185080
89901f,CAL006  ,6850,229,34.015503,-118.427236,77,132,1677185080
89901f,CAL006  ,6850,229,34.015503,-118.427236,77,133,1677185080
89901f,CAL006  ,6850,229,34.015503,-118.427236,77,134,1677185081
89901f,CAL006  ,6850,229,34.015503,-118.427236,77,136,1677185081
a7dc06,,39000,486,0.000000,0.000000,141,37,1677185081
89901f,CAL006  ,6850,229,34.015503,-118.427236,77,137,1677185081
89901f,CAL006  ,6850,229,34.015503,-118.427236,77,139,1677185081
89901f,CAL006  ,6850,229,34.015732,-118.426003,77,140,1677185081
89901f,CAL006  ,6850,229,34.015732,-118.426003,77,141,1677185081
89901f,CAL006  ,6850,229,34.015732,-118.426003,77,142,1677185081
89901f,CAL006  ,6850,229,34.015732,-118.426003,77,143,1677185081
89901f,CAL006  ,6850,229,34.015778,-118.425498,77,144,1677185081
89901f,CAL006  ,6825,227,34.015778,-118.425498,78,147,1677185082
89901f,CAL006  ,6825,227,34.015778,-118.425498,78,148,1677185082
89901f,CAL006  ,6825,227,34.015869,-118.424994,78,149,1677185082
89901f,CAL006  ,6825,227,34.015869,-118.424994,78,150,1677185082
89901f,CAL006  ,6825,227,34.016006,-118.424265,78,152,1677185082
89901f,CAL006  ,6825,226,34.016006,-118.424265,78,154,1677185083
89901f,CAL006  ,6825,226,34.016006,-118.424265,78,155,1677185083
89901f,CAL006  ,6825,226,34.016006,-118.424265,78,156,1677185083
89901f,CAL006  ,6825,226,34.016098,-118.423649,78,157,1677185083
89901f,CAL006  ,6825,226,34.016098,-118.423649,78,158,1677185083
89901f,CAL006  ,6800,226,34.016098,-118.423649,78,159,1677185083
89901f,CAL006  ,6800,226,34.016098,-118.423649,78,160,1677185083
a7dc06,,39000,486,0.000000,0.000000,141,38,1677185083
a24493,,38900,459,0.000000,0.000000,154,11,1677185083
89901f,CAL006  ,6800,225,34.016098,-118.423649,78,161,1677185084
89901f,CAL006  ,6800,225,34.016098,-118.423649,78,163,1677185084
89901f,CAL006  ,6800,225,34.016098,-118.423649,78,164,1677185084
a24493,,38900,459,0.000000,0.000000,154,12,1677185084
89901f,CAL006  ,6800,225,34.016098,-118.423649,78,165,1677185084
89901f,CAL006  ,6800,225,34.016098,-118.423649,78,167,1677185084
89901f,CAL006  ,6800,225,34.016098,-118.423649,78,169,1677185084
89901f,CAL006  ,6800,225,34.016098,-118.423649,78,171,1677185084
a24493,,38875,459,0.000000,0.000000,154,13,1677185084
89901f,CAL006  ,6800,225,34.016325,-118.422318,78,172,1677185084
a24493,,38875,459,0.000000,0.000000,154,14,1677185084
89901f,CAL006  ,6800,225,34.016325,-118.422318,78,173,1677185084
89901f,CAL006  ,6800,225,34.016325,-118.422318,78,175,1677185084
a24493,,38875,459,0.000000,0.000000,154,15,1677185084
89901f,CAL006  ,6800,225,34.016325,-118.422318,78,176,1677185084
89901f,CAL006  ,6800,225,34.016464,-118.421575,78,177,1677185085
89901f,CAL006  ,6800,225,34.016464,-118.421575,78,179,1677185085
a24493,,38875,459,0.000000,0.000000,154,16,1677185085
89901f,CAL006  ,6775,225,34.016464,-118.421575,78,183,1677185085
89901f,CAL006  ,6775,225,34.016464,-118.421575,78,185,1677185085
a24493,,38850,459,0.000000,0.000000,154,17,1677185085
89901f,CAL006  ,6775,225,34.016464,-118.421575,78,186,1677185085
a24493,,38850,459,0.000000,0.000000,154,18,1677185085
89901f,CAL006  ,6775,225,34.016602,-118.420846,78,189,1677185085
89901f,CAL006  ,6775,225,34.016602,-118.420846,78,192,1677185085
a24493,,38850,459,0.000000,0.000000,154,20,1677185085
89901f,CAL006  ,6775,225,34.016602,-118.420846,78,194,1677185085
89901f,CAL006  ,6775,225,34.016602,-118.420846,78,196,1677185085
89901f,CAL006  ,6775,225,34.016602,-118.420846,78,197,1677185085
a24493,,38850,459,0.000000,0.000000,154,21,1677185085
89901f,CAL006  ,6775,224,34.016602,-118.420846,78,198,1677185086
89901f,CAL006  ,6775,224,34.016693,-118.420342,78,200,1677185086
a24493,,38850,459,0.000000,0.000000,154,22,1677185086
89901f,CAL006  ,6775,224,34.016693,-118.420342,78,202,1677185086
a24493,,38850,459,0.000000,0.000000,154,23,1677185086
89901f,CAL006  ,6775,224,34.016693,-118.420342,78,203,1677185086
a24493,,38850,459,0.000000,0.000000,154,26,1677185086
89901f,CAL006  ,6775,224,34.016693,-118.420342,78,204,1677185086
a24493,,38825,459,0.000000,0.000000,154,27,1677185086
89901f,CAL006  ,6775,224,34.016693,-118.420342,78,205,1677185086
a24493,,38825,459,0.000000,0.000000,154,28,1677185086
89901f,CAL006  ,6775,224,34.016693,-118.420342,78,206,1677185086
a24493,,38825,459,0.000000,0.000000,154,29,1677185086
89901f,CAL006  ,6775,224,34.016785,-118.419613,78,208,1677185086
89901f,CAL006  ,6750,224,34.016785,-118.419613,78,210,1677185086
89901f,CAL006  ,6750,224,34.016785,-118.419613,78,212,1677185086
a24493,,38825,459,0.000000,0.000000,154,30,1677185086
89901f,CAL006  ,6750,224,34.016785,-118.419613,78,213,1677185087
89901f,CAL006  ,6750,224,34.016876,-118.419108,78,214,1677185087
89901f,CAL006  ,6750,224,34.016876,-118.419108,78,217,1677185087
a24493,,38825,459,0.000000,0.000000,154,31,1677185087
89901f,CAL006  ,6750,224,34.016876,-118.419108,78,218,1677185087
89901f,CAL006  ,6750,224,34.016876,-118.419108,78,219,1677185087
a24493,,38825,456,0.000000,0.000000,154,32,1677185087
89901f,CAL006  ,6750,224,34.016876,-118.419108,78,220,1677185087
89901f,CAL006  ,6750,224,34.016876,-118.419108,78,221,1677185087
a24493,,38800,456,0.000000,0.000000,154,33,1677185087
89901f,CAL006  ,6750,223,34.016876,-118.419108,78,222,1677185087
89901f,CAL006  ,6750,223,34.016876,-118.419108,78,224,1677185087
89901f,CAL006  ,6750,223,34.016876,-118.419108,78,225,1677185088
89901f,CAL006  ,6750,223,34.017070,-118.417912,78,226,1677185088
a24493,,38800,456,0.000000,0.000000,154,34,1677185088
89901f,CAL006  ,6725,223,34.017070,-118.417912,78,228,1677185088
a24493,,38800,456,0.000000,0.000000,154,35,1677185088
a24493,,38800,456,0.000000,0.000000,154,36,1677185088
89901f,CAL006  ,6725,222,34.017070,-118.417912,78,231,1677185088
89901f,CAL006  ,6725,222,34.017197,-118.417315,78,232,1677185088
a24493,,38800,455,0.000000,0.000000,154,37,1677185088
89901f,CAL006  ,6725,222,34.017197,-118.417315,78,233,1677185088
89901f,CAL006  ,6725,222,34.017197,-118.417315,78,234,1677185088
a24493,,38800,455,0.000000,0.000000,154,38,1677185088
89901f,CAL006  ,6725,222,34.017197,-118.417315,78,235,1677185088
a24493,,38775,455,0.000000,0.000000,154,40,1677185089
89901f,CAL006  ,6725,222,34.017197,-118.417315,78,238,1677185089
a24493,,38775,455,0.000000,0.000000,154,41,1677185089
89901f,CAL006  ,6725,222,34.017197,-118.417315,78,240,1677185089
a24493,,38775,455,0.000000,0.000000,154,42,1677185089
89901f,CAL006  ,6725,222,34.017197,-118.417315,78,244,1677185089
a24493,,38775,455,0.000000,0.000000,154,43,1677185089
89901f,CAL006  ,6725,222,34.017197,-118.417315,78,245,1677185089
89901f,CAL006  ,6725,222,34.017197,-118.417315,78,248,1677185089
89901f,CAL006  ,6725,222,34.017197,-118.417315,78,249,1677185089
a24493,,38775,455,34.373986,-118.375053,154,44,1677185089
89901f,CAL006  ,6700,222,34.017197,-118.417315,78,250,1677185089
89901f,CAL006  ,6700,222,34.017443,-118.415737,78,252,1677185089
89901f,CAL006  ,6700,222,34.017443,-118.415737,78,254,1677185089
89901f,CAL006  ,6700,222,34.017443,-118.415737,78,262,1677185090
89901f,CAL006  ,6700,222,34.017443,-118.415737,78,263,1677185090
89901f,CAL006  ,6700,221,34.017443,-118.415737,78,264,1677185090
a24493,,38750,455,34.373986,-118.375053,154,47,1677185090
89901f,CAL006  ,6700,221,34.017443,-118.415737,78,265,1677185090
a24493,,38750,455,34.373986,-118.375053,154,48,1677185090
89901f,CAL006  ,6700,221,34.017443,-118.415737,78,268,1677185090
a24493,,38750,455,34.373986,-118.375053,154,53,1677185090
89901f,CAL006  ,6700,221,34.017443,-118.415737,78,270,1677185090
89901f,CAL006  ,6700,221,34.017443,-118.415737,78,272,1677185090
a24493,,38750,455,34.372009,-118.373930,154,56,1677185090
89901f,CAL006  ,6700,221,34.017443,-118.415737,78,274,1677185090
89901f,CAL006  ,6700,221,34.017443,-118.415737,78,275,1677185090
89901f,CAL006  ,6700,221,34.017629,-118.414536,78,277,1677185090
a24493,,38750,455,34.372009,-118.373930,154,58,1677185091
89901f,CAL006  ,6675,221,34.017629,-118.414536,78,279,1677185091
a24493,,38725,455,34.372009,-118.373930,154,59,1677185091
a24493,,38725,455,34.372009,-118.373930,154,60,1677185091
89901f,CAL006  ,6675,221,34.017629,-118.414536,78,280,1677185091
a24493,,38725,455,34.372009,-118.373930,154,62,1677185091
89901f,CAL006  ,6675,221,34.017629,-118.414536,78,281,1677185091
a24493,,38725,454,34.372009,-118.373930,154,65,1677185091
89901f,CAL006  ,6675,221,34.017629,-118.414536,78,282,1677185091
a24493,,38725,454,34.372009,-118.373930,154,67,1677185091
a24493,,38725,454,34.372009,-118.373930,154,68,1677185091
89901f,CAL006  ,6675,220,34.017883,-118.413111,78,285,1677185092
a24493,,38725,454,34.372009,-118.373930,154,69,1677185092
89901f,CAL006  ,6675,220,34.017883,-118.413111,78,286,1677185092
89901f,CAL006  ,6675,220,34.017883,-118.413111,78,287,1677185092
89901f,CAL006  ,6650,220,34.017883,-118.413111,78,289,1677185092
89901f,CAL006  ,6650,220,34.017883,-118.413111,78,290,1677185092
89901f,CAL006  ,6650,220,34.017883,-118.413111,78,292,1677185092
a24493,,38700,454,34.372009,-118.373930,154,70,1677185092
89901f,CAL006  ,6650,220,34.017883,-118.413111,78,293,1677185092
a24493,,38700,454,34.368073,-118.371632,154,72,1677185092
89901f,CAL006  ,6650,220,34.017883,-118.413111,78,294,1677185092
89901f,CAL006  ,6650,220,34.018048,-118.412018,78,296,1677185093
89901f,CAL006  ,6650,219,34.018048,-118.412018,78,297,1677185093
a24493,,38700,454,34.368073,-118.371632,154,73,1677185093
89901f,CAL006  ,6650,219,34.018048,-118.412018,78,299,1677185093
a24493,,38700,452,34.368073,-118.371632,154,74,1677185093
89901f,CAL006  ,6650,219,34.018158,-118.411429,78,300,1677185093
89901f,CAL006  ,6650,219,34.018158,-118.411429,78,301,1677185093
89901f,CAL006  ,6650,219,34.018158,-118.411429,78,302,1677185093
89901f,CAL006  ,6650,219,34.018158,-118.411429,78,303,1677185093
89901f,CAL006  ,6625,219,34.018158,-118.411429,78,304,1677185093
89901f,CAL006  ,6625,219,34.018281,-118.410759,78,305,1677185094
a7dc06,,39000,486,0.000000,0.000000,141,39,1677185094
a24493,,38700,452,34.368073,-118.371632,154,75,1677185094
a24493,,38650,452,34.368073,-118.371632,154,76,1677185095
89901f,CAL006  ,6600,219,34.018281,-118.410759,78,307,1677185095
89901f,CAL006  ,6600,219,34.018281,-118.410759,78,308,1677185095
89901f,CAL006  ,6600,219,34.018281,-118.410759,78,310,1677185095
89901f,CAL006  ,6600,219,34.018281,-118.410759,78,313,1677185095
89901f,CAL006  ,6600,219,34.018281,-118.410759,78,314,1677185095
89901f,CAL006  ,6600,219,34.018281,-118.410759,78,315,1677185096
89901f,CAL006  ,6600,219,34.018281,-118.410759,78,316,1677185096
89901f,CAL006  ,6600,219,34.018281,-118.410759,78,317,1677185097
89901f,CAL006  ,6575,219,34.018281,-118.410759,78,318,1677185097
89901f,CAL006  ,6575,216,34.018281,-118.410759,78,319,1677185097
89901f,CAL006  ,6575,216,34.018281,-118.410759,78,321,1677185097
89901f,CAL006  ,6575,216,34.018281,-118.410759,78,322,1677185097
89901f,CAL006  ,6575,216,34.018281,-118.410759,78,323,1677185097
89901f,CAL006  ,6575,216,34.018281,-118.410759,78,324,1677185097
89901f,CAL006  ,6550,216,34.018281,-118.410759,78,325,1677185097
89901f,CAL006  ,6550,216,34.018281,-118.410759,78,326,1677185098
89901f,CAL006  ,6550,216,34.019073,-118.405992,78,327,1677185098
89901f,CAL006  ,6550,216,34.019073,-118.405992,78,328,1677185098
89901f,CAL006  ,6550,216,34.019073,-118.405992,78,330,1677185098
89901f,CAL006  ,6550,216,34.019073,-118.405992,78,331,1677185098
89901f,CAL006  ,6550,216,34.019073,-118.405992,78,333,1677185098
89901f,CAL006  ,6550,216,34.019073,-118.405992,78,334,1677185098
89901f,CAL006  ,6550,216,34.019073,-118.405992,78,335,1677185099
89901f,CAL006  ,6525,216,34.019073,-118.405992,78,344,1677185099
89901f,CAL006  ,6525,216,34.019073,-118.405992,78,345,1677185099
89901f,CAL006  ,6525,216,34.019073,-118.405992,78,346,1677185099
89901f,CAL006  ,6525,216,34.019073,-118.405992,78,348,1677185100
89901f,CAL006  ,6500,216,34.019073,-118.405992,78,350,1677185100
89901f,CAL006  ,6500,213,34.019073,-118.405992,78,351,1677185101
89901f,CAL006  ,6500,213,34.019073,-118.405992,78,352,1677185101
89901f,CAL006  ,6500,213,34.019073,-118.405992,78,353,1677185101
89901f,CAL006  ,6500,213,34.019073,-118.405992,78,354,1677185101
89901f,CAL006  ,6475,213,34.019073,-118.405992,78,355,1677185102
89901f,CAL006  ,6475,213,34.019073,-118.405992,78,357,1677185102
89901f,CAL006  ,6475,213,34.019073,-118.405992,78,358,1677185102
89901f,CAL006  ,6450,213,34.019073,-118.405992,78,360,1677185104
89901f,CAL006  ,6450,213,34.019073,-118.405992,78,361,1677185104
89901f,CAL006  ,6450,213,34.019073,-118.405992,78,362,1677185104
aa76cb,,28600,429,33.950226,-118.450498,352,33,1677185106
89901f,CAL006  ,6450,213,34.019073,-118.405992,78,363,1677185106
89901f,CAL006  ,6400,213,34.019073,-118.405992,78,365,1677185106
89901f,CAL006  ,6400,213,34.019073,-118.405992,78,366,1677185106
89901f,CAL006  ,6375,213,34.019073,-118.405992,78,368,1677185107
89901f,CAL006  ,6375,213,34.019073,-118.405992,78,369,1677185107
89901f,CAL006  ,6350,213,34.019073,-118.405992,78,370,1677185108
89901f,CAL006  ,6350,209,34.019073,-118.405992,78,372,1677185109
89901f,CAL006  ,6350,209,34.019073,-118.405992,78,373,1677185109
89901f,CAL006  ,6325,209,34.019073,-118.405992,78,374,1677185109
89901f,CAL006  ,6300,209,34.019073,-118.405992,78,375,1677185110
aa76cb,,28600,429,33.950226,-118.450498,352,34,1677185112
aa76cb,,28600,429,33.950226,-118.450498,352,35,1677185112
89901f,CAL006  ,6275,209,34.019073,-118.405992,78,376,1677185112
89901f,CAL006  ,6275,209,34.019073,-118.405992,78,379,1677185112
89901f,CAL006  ,6225,209,34.019073,-118.405992,78,380,1677185114
89901f,CAL006  ,6225,209,34.019073,-118.405992,78,382,1677185114
aa76cb,,30350,429,33.950226,-118.450498,352,36,1677185115
aa76cb,,30350,429,33.950226,-118.450498,352,37,1677185116
aa76cb,,30350,429,33.950226,-118.450498,352,38,1677185116
89901f,CAL006  ,6175,209,34.019073,-118.405992,78,383,1677185116
aa76cb,,30350,429,33.950226,-118.450498,352,40,1677185116
aa76cb,,30375,429,33.950226,-118.450498,352,41,1677185116
89901f,CAL006  ,6175,209,34.019073,-118.405992,78,384,1677185116
aa76cb,,30375,429,33.950226,-118.450498,352,43,1677185117
89901f,CAL006  ,6150,209,34.019073,-118.405992,78,385,1677185117
aa76cb,,30400,429,33.950226,-118.450498,352,45,1677185117
89901f,CAL006  ,6150,209,34.019073,-118.405992,78,386,1677185117
aa76cb,,30400,426,33.950226,-118.450498,339,46,1677185117
aa76cb,,30400,426,34.123398,-118.516080,339,48,1677185118
aa76cb,,30400,426,34.123398,-118.516080,339,49,1677185118
aa76cb,,30400,427,34.123398,-118.516080,339,50,1677185118
89901f,CAL006  ,6125,209,34.023029,-118.382950,78,387,1677185118
aa76cb,,30425,427,34.123398,-118.516080,339,51,1677185118
aa76cb,,30425,427,34.123398,-118.516080,339,52,1677185118
aa76cb,,30425,427,34.123398,-118.516080,339,53,1677185118
aa76cb,,30450,427,34.125320,-118.516976,339,55,1677185119
aa76cb,,30450,427,34.125320,-118.516976,339,56,1677185119
aa76cb,,30475,427,34.125320,-118.516976,339,57,1677185120
aa76cb,,30475,427,34.125320,-118.516976,339,58,1677185120
89901f,CAL006  ,6075,209,34.023029,-118.382950,78,388,1677185120
89901f,CAL006  ,6075,209,34.023029,-118.382950,78,389,1677185120
aa76cb,,30475,427,34.125320,-118.516976,339,59,1677185120
89901f,CAL006  ,6075,209,34.023029,-118.382950,78,390,1677185120
aa76cb,,30475,427,34.125320,-118.516976,339,60,1677185121
aa76cb,,30500,427,34.125320,-118.516976,339,61,1677185121
aa76cb,,30500,427,34.129120,-118.518770,339,62,1677185121
aa76cb,,30500,427,34.129120,-118.518770,339,63,1677185121
aa76cb,,30500,427,34.129120,-118.518770,339,64,1677185121
aa76cb,,30500,427,34.129120,-118.518770,339,65,1677185122
89901f,CAL006  ,6075,209,34.023029,-118.382950,78,391,1677185122
89901f,CAL006  ,6075,209,34.023029,-118.382950,78,392,1677185122
89901f,CAL006  ,6025,209,34.023029,-118.382950,78,394,1677185122
89901f,CAL006  ,6025,209,34.023029,-118.382950,78,395,1677185123
a6a11e,,0,0,0.000000,0.000000,0,1,1677185123
aa76cb,SWA1697 ,30500,427,34.129120,-118.518770,339,66,1677185123
aa76cb,SWA1697 ,30500,427,34.129120,-118.518770,339,67,1677185123
aa76cb,SWA1697 ,30500,428,34.129120,-118.518770,339,68,1677185124
aa76cb,SWA1697 ,30575,428,34.129120,-118.518770,339,69,1677185124
aa76cb,SWA1697 ,30575,428,34.129120,-118.518770,339,70,1677185124
89901f,CAL006  ,5975,209,34.023029,-118.382950,78,396,1677185124
89901f,CAL006  ,5975,209,34.023029,-118.382950,78,397,1677185124
89901f,CAL006  ,5975,209,34.023029,-118.382950,78,398,1677185125
89901f,CAL006  ,5950,209,34.024292,-118.375387,78,399,1677185125
89901f,CAL006  ,5950,209,34.024292,-118.375387,78,400,1677185125
aa76cb,SWA1697 ,30575,428,34.129120,-118.518770,339,72,1677185125
89901f,CAL006  ,5950,209,34.024292,-118.375387,78,404,1677185125
aa76cb,SWA1697 ,30600,428,34.129120,-118.518770,339,73,1677185125
aa76cb,SWA1697 ,30600,428,34.129120,-118.518770,339,74,1677185126
aa76cb,SWA1697 ,30600,428,34.129120,-118.518770,339,75,1677185126
89901f,CAL006  ,5925,209,34.024292,-118.375387,78,405,1677185126
aa76cb,SWA1697 ,30600,428,34.129120,-118.518770,339,76,1677185126
aa76cb,SWA1697 ,30600,428,34.129120,-118.518770,339,77,1677185126
aa76cb,SWA1697 ,30600,428,34.129120,-118.518770,339,78,1677185126
aa76cb,SWA1697 ,30600,429,34.129120,-118.518770,339,79,1677185126
aa76cb,SWA1697 ,30625,429,34.140527,-118.524055,339,80,1677185127
aa76cb,SWA1697 ,30625,429,34.140527,-118.524055,339,81,1677185127
aa76cb,SWA1697 ,30625,429,34.140527,-118.524055,339,82,1677185127
aa76cb,SWA1697 ,30625,429,34.140527,-118.524055,339,83,1677185127
89901f,CAL006  ,5875,209,34.024292,-118.375387,78,406,1677185127
89901f,CAL006  ,5875,209,34.024292,-118.375387,78,407,1677185127
aa76cb,SWA1697 ,30650,429,34.140527,-118.524055,339,84,1677185129
aa76cb,SWA1697 ,30650,429,34.140527,-118.524055,339,85,1677185129
aa76cb,SWA1697 ,30675,429,34.140527,-118.524055,339,86,1677185129
aa76cb,SWA1697 ,30675,431,34.140527,-118.524055,339,87,1677185129
89901f,CAL006  ,5800,209,34.024292,-118.375387,78,409,1677185130
89901f,CAL006  ,5800,209,34.024292,-118.375387,78,411,1677185130
89901f,CAL006  ,5800,209,34.024292,-118.375387,78,412,1677185131
aa76cb,SWA1697 ,30675,431,34.140527,-118.524055,339,88,1677185131
89901f,CAL006  ,5800,209,34.025450,-118.368702,78,413,1677185131
89901f,CAL006  ,5800,209,34.025450,-118.368702,78,414,1677185131
aa76cb,SWA1697 ,30700,431,34.140527,-118.524055,339,89,1677185131
aa76cb,SWA1697 ,30700,431,34.140527,-118.524055,339,90,1677185131
aa76cb,SWA1697 ,30700,432,34.140527,-118.524055,339,91,1677185131
89901f,CAL006  ,5800,209,34.025450,-118.368702,78,415,1677185131
89901f,CAL006  ,5775,209,34.025450,-118.368702,78,416,1677185131
89901f,CAL006  ,5775,209,34.025450,-118.368702,78,418,1677185131
aa76cb,SWA1697 ,30700,432,34.140527,-118.524055,339,92,1677185132
aa76cb,SWA1697 ,30700,432,34.140527,-118.524055,339,93,1677185132
aa76cb,SWA1697 ,30725,432,34.149511,-118.528233,339,94,1677185132
a6a11e,,0,0,0.000000,0.000000,0,2,1677185132
a6a11e,,0,476,0.000000,0.000000,137,4,1677185132
a6a11e,,35025,476,0.000000,0.000000,137,5,1677185132
a6a11e,,35025,476,0.000000,0.000000,137,6,1677185133
a6a11e,,35025,476,0.000000,0.000000,137,7,1677185133
aa76cb,SWA1697 ,30750,432,34.149511,-118.528233,339,98,1677185133
aa76cb,SWA1697 ,30750,433,34.149511,-118.528233,339,99,1677185134
aa76cb,SWA1697 ,30775,433,34.149511,-118.528233,339,100,1677185134
a24493,,38000,452,34.368073,-118.371632,154,77,1677185134
aa76cb,SWA1697 ,30775,433,34.149511,-118.528233,339,101,1677185135
aa76cb,SWA1697 ,30800,433,34.149511,-118.528233,339,103,1677185136
aa76cb,SWA1697 ,30800,433,34.149511,-118.528233,339,104,1677185136
a6a11e,,35025,476,0.000000,0.000000,137,8,1677185137
a6a11e,,35025,476,0.000000,0.000000,137,9,1677185137
a6a11e,VOI931  ,35025,476,0.000000,0.000000,137,10,1677185137
a6a11e,VOI931  ,35025,475,0.000000,0.000000,137,11,1677185137
a6a11e,VOI931  ,35025,475,0.000000,0.000000,137,12,1677185137
a6a11e,VOI931  ,35025,475,0.000000,0.000000,137,13,1677185138
a6a11e,VOI931  ,35025,475,0.000000,0.000000,137,16,1677185138
a6a11e,VOI931  ,35025,475,0.000000,0.000000,137,17,1677185139
a6a11e,VOI931  ,35025,475,0.000000,0.000000,137,19,1677185139
a6a11e,VOI931  ,35025,475,0.000000,0.000000,137,20,1677185139
a24493,,37900,452,34.368073,-118.371632,154,78,1677185140
aa76cb,SWA1697 ,30800,434,34.149511,-118.528233,339,105,1677185142
aa76cb,SWA1697 ,30975,434,34.149511,-118.528233,339,106,1677185142
a6a11e,VOI931  ,35025,475,0.000000,0.000000,137,21,1677185143
aa76cb,SWA1697 ,31025,434,34.149511,-118.528233,339,107,1677185144
aa76cb,SWA1697 ,31075,434,34.149511,-118.528233,339,108,1677185147
a6a11e,VOI931  ,35025,475,0.000000,0.000000,137,22,1677185148
a6a11e,VOI931  ,35025,475,0.000000,0.000000,137,23,1677185149
a5669f,,0,0,0.000000,0.000000,0,1,1677185149
a6a11e,VOI931  ,35025,475,0.000000,0.000000,137,24,1677185149
a24493,,37750,452,34.368073,-118.371632,154,79,1677185149
a24493,,37750,444,34.368073,-118.371632,154,80,1677185150
a24493,,37750,444,34.368073,-118.371632,154,81,1677185150
a24493,,37750,444,34.368073,-118.371632,154,82,1677185150
aa76cb,SWA1697 ,31125,434,34.149511,-118.528233,339,109,1677185150
a24493,,37750,444,34.368073,-118.371632,154,83,1677185150
a6a11e,VOI931  ,35025,476,0.000000,0.000000,137,25,1677185152
a6a11e,VOI931  ,35025,476,0.000000,0.000000,137,26,1677185152
a6a11e,VOI931  ,35025,476,0.000000,0.000000,137,27,1677185152
a6a11e,VOI931  ,35000,476,0.000000,0.000000,137,28,1677185152
a6a11e,VOI931  ,35025,476,0.000000,0.000000,137,29,1677185152
a6a11e,VOI931  ,35000,476,0.000000,0.000000,137,30,1677185153
a6a11e,VOI931  ,35000,476,0.000000,0.000000,137,31,1677185153
a6a11e,VOI931  ,35000,476,0.000000,0.000000,137,32,1677185153
a6a11e,VOI931  ,35000,476,0.000000,0.000000,137,33,1677185153
a6a11e,VOI931  ,35000,476,0.000000,0.000000,137,34,1677185156
a24493,,37575,444,34.368073,-118.371632,154,84,1677185161
a24493,,37550,444,34.368073,-118.371632,154,85,1677185162
a24493,,37550,444,34.368073,-118.371632,154,86,1677185162
a24493,,37550,444,34.368073,-118.371632,154,87,1677185162
a24493,,37550,444,34.368073,-118.371632,154,88,1677185163
a24493,,37550,444,34.368073,-118.371632,154,89,1677185163
a6a11e,VOI931  ,35000,476,0.000000,0.000000,137,35,1677185164
a6a11e,VOI931  ,35000,476,0.000000,0.000000,137,36,1677185164
a6a11e,VOI931  ,35000,476,0.000000,0.000000,137,37,1677185165
a24493,,37550,444,34.368073,-118.371632,154,90,1677185166
a6a11e,VOI931  ,34975,476,0.000000,0.000000,137,40,1677185167
a6a11e,VOI931  ,34975,476,0.000000,0.000000,137,41,1677185171
a6a11e,VOI931  ,34975,476,0.000000,0.000000,137,43,1677185171
a6a11e,VOI931  ,34975,476,0.000000,0.000000,137,44,1677185172
a6a11e,VOI931  ,34975,476,0.000000,0.000000,137,45,1677185172
a6a11e,VOI931  ,34975,476,0.000000,0.000000,137,46,1677185172
a6a11e,VOI931  ,34975,476,0.000000,0.000000,137,47,1677185172
a6a11e,VOI931  ,34975,476,33.891632,-118.379928,137,48,1677185172
a6a11e,VOI931  ,34975,476,33.891632,-118.379928,137,49,1677185175
a6a11e,VOI931  ,34975,476,33.891632,-118.379928,137,50,1677185175
a6a11e,VOI931  ,34975,476,33.891632,-118.379928,137,51,1677185175
aa76cb,SWA1697 ,31725,434,34.149511,-118.528233,339,110,1677185175
aa76cb,SWA1697 ,31725,443,34.149511,-118.528233,339,111,1677185175
a6a11e,VOI931  ,34975,476,33.891632,-118.379928,137,52,1677185175
aa76cb,SWA1697 ,31725,443,34.149511,-118.528233,339,113,1677185175
a6a11e,VOI931  ,34975,476,33.885086,-118.372865,137,53,1677185176
a6a11e,VOI931  ,34975,476,33.885086,-118.372865,137,54,1677185177
a6a11e,VOI931  ,34975,476,33.885086,-118.372865,137,55,1677185178
a6a11e,VOI931  ,34975,476,33.885086,-118.372865,137,56,1677185178
a6a11e,VOI931  ,34975,476,33.885086,-118.372865,137,57,1677185178
a24493,,37550,444,34.368073,-118.371632,154,91,1677185182
a24493,,37250,444,34.368073,-118.371632,154,92,1677185182
a24493,,37250,444,34.368073,-118.371632,154,93,1677185182
aa76cb,SWA1697 ,31875,443,34.149511,-118.528233,339,114,1677185183
aa76cb,SWA1697 ,31875,443,34.149511,-118.528233,339,115,1677185184
a6a11e,VOI931  ,34975,476,33.885086,-118.372865,138,58,1677185189
a6a11e,VOI931  ,34975,476,33.885086,-118.372865,138,59,1677185189
a24493,,37150,444,34.368073,-118.371632,154,94,1677185189
a6a11e,VOI931  ,35000,476,33.885086,-118.372865,138,60,1677185189
a6a11e,VOI931  ,35000,476,33.885086,-118.372865,138,61,1677185190
a24493,,37150,444,34.368073,-118.371632,154,95,1677185192
a24493,,37100,444,34.368073,-118.371632,154,96,1677185192
a24493,,37100,447,34.368073,-118.371632,154,98,1677185194
a24493,,37100,447,34.368073,-118.371632,154,99,1677185194
aa76cb,SWA1697 ,31875,443,34.149511,-118.528233,339,116,1677185198
a6a11e,VOI931  ,35025,476,33.885086,-118.372865,138,62,1677185214
a6a11e,VOI931  ,35025,476,33.885086,-118.372865,138,63,1677185214
a6a11e,VOI931  ,35025,476,33.885086,-118.372865,138,64,1677185215
a6a11e,VOI931  ,35025,475,33.885086,-118.372865,137,65,1677185216
a6a11e,VOI931  ,35025,475,33.885086,-118.372865,137,66,1677185216
a6a11e,VOI931  ,35025,475,33.885086,-118.372865,137,67,1677185217
a6a11e,VOI931  ,35025,475,33.885086,-118.372865,137,68,1677185217
a6a11e,VOI931  ,35025,475,33.885086,-118.372865,137,69,1677185217
a6a11e,VOI931  ,35025,475,33.885086,-118.372865,137,70,1677185218
a6a11e,VOI931  ,35025,475,33.885086,-118.372865,137,71,1677185218
a6a11e,VOI931  ,35025,475,33.816650,-118.298988,137,74,1677185218
a6a11e,VOI931  ,35025,475,33.816650,-118.298988,137,75,1677185218
a6a11e,VOI931  ,35025,475,33.816650,-118.298988,137,76,1677185219
a6a11e,VOI931  ,35025,475,33.816650,-118.298988,137,77,1677185219
a6a11e,VOI931  ,35025,475,33.816650,-118.298988,137,78,1677185219
a6a11e,VOI931  ,35025,475,33.816650,-118.298988,137,79,1677185228
a6a11e,VOI931  ,35025,475,33.816650,-118.298988,137,80,1677185228
a6a11e,VOI931  ,35025,475,33.816650,-118.298988,137,81,1677185229
a6a11e,VOI931  ,35025,475,33.816650,-118.298988,137,82,1677185229
a6a11e,VOI931  ,35025,475,33.816650,-118.298988,137,83,1677185229
a6a11e,VOI931  ,35025,475,33.816650,-118.298988,137,84,1677185230
a6a11e,VOI931  ,35025,475,33.816650,-118.298988,137,85,1677185230
a6a11e,VOI931  ,35025,475,33.816650,-118.298988,137,86,1677185230
a6a11e,VOI931  ,35025,475,33.816650,-118.298988,137,87,1677185230
a6a11e,VOI931  ,35025,475,33.816650,-118.298988,137,88,1677185231
a6a11e,VOI931  ,35025,475,33.795342,-118.276005,137,90,1677185231
a6a11e,VOI931  ,35025,475,33.795342,-118.276005,137,91,1677185231
a6a11e,VOI931  ,35025,474,33.795342,-118.276005,138,92,1677185231
a6a11e,VOI931  ,35025,474,33.795342,-118.276005,138,93,1677185231
a6a11e,VOI931  ,35025,474,33.795342,-118.276005,138,94,1677185232
a6a11e,VOI931  ,35025,474,33.795342,-118.276005,138,95,1677185232
a6a11e,VOI931  ,35025,474,33.793945,-118.274493,138,96,1677185232
a6a11e,VOI931  ,35025,474,33.793945,-118.274493,138,97,1677185233
a6a11e,VOI931  ,35025,474,33.792176,-118.272572,138,98,1677185233
a6a11e,VOI931  ,35025,474,33.792176,-118.272572,138,99,1677185234
a6a11e,VOI931  ,35025,474,33.792176,-118.272572,138,100,1677185237
a6a11e,VOI931  ,35025,474,33.792176,-118.272572,138,101,1677185238
a6a11e,VOI931  ,35025,474,33.792176,-118.272572,138,102,1677185238
a6a11e,VOI931  ,35025,474,33.792176,-118.272572,138,103,1677185239
a6a11e,VOI931  ,35025,474,33.792176,-118.272572,138,104,1677185239
a6a11e,VOI931  ,35025,474,33.792176,-118.272572,138,105,1677185240
a6a11e,VOI931  ,35025,474,33.792176,-118.272572,138,106,1677185240
a6a11e,VOI931  ,35025,474,33.792176,-118.272572,138,107,1677185240
a6a11e,VOI931  ,35000,474,33.792176,-118.272572,138,108,1677185240
a6a11e,VOI931  ,35000,474,33.792176,-118.272572,138,109,1677185241
a6a11e,VOI931  ,35025,474,33.792176,-118.272572,138,110,1677185243
a6a11e,VOI931  ,35000,474,33.792176,-118.272572,138,111,1677185244
ab4ea1,,0,0,0.000000,0.000000,0,1,1677185255
ab4ea1,,0,0,0.000000,0.000000,0,2,1677185255
ab6316,,15300,0,0.000000,0.000000,0,1,1677185261
ab6316,,15300,341,0.000000,0.000000,54,2,1677185264
ab6316,,15300,342,0.000000,0.000000,55,3,1677185266
ab6316,,15550,342,0.000000,0.000000,55,4,1677185266
ab6316,,15550,342,0.000000,0.000000,55,5,1677185266
ab6316,,15575,342,0.000000,0.000000,55,7,1677185266
ab6316,,15575,342,0.000000,0.000000,55,8,1677185266
ab6316,,15575,341,0.000000,0.000000,55,9,1677185267
ab6316,SWA1286 ,15575,341,0.000000,0.000000,55,10,1677185267
ab6316,SWA1286 ,15625,341,0.000000,0.000000,55,11,1677185267
ab6316,SWA1286 ,15650,341,0.000000,0.000000,55,12,1677185268
ab6316,SWA1286 ,15775,341,0.000000,0.000000,55,13,1677185270
ab6316,SWA1286 ,15775,341,0.000000,0.000000,55,14,1677185270
ab6316,SWA1286 ,15775,341,0.000000,0.000000,55,17,1677185270
ab6316,SWA1286 ,15775,342,0.000000,0.000000,56,18,1677185271
ab6316,SWA1286 ,15825,342,0.000000,0.000000,56,22,1677185271
ab6316,SWA1286 ,15825,342,0.000000,0.000000,56,24,1677185271
ab6316,SWA1286 ,15825,342,0.000000,0.000000,56,25,1677185271
ab6316,SWA1286 ,15825,342,0.000000,0.000000,56,26,1677185271
ab6316,SWA1286 ,15850,342,0.000000,0.000000,56,27,1677185271
ab6316,SWA1286 ,15850,342,0.000000,0.000000,56,28,1677185272
ab6316,SWA1286 ,15875,342,0.000000,0.000000,56,29,1677185272
ab6316,SWA1286 ,15875,342,0.000000,0.000000,56,30,1677185272
ab6316,SWA1286 ,15875,342,0.000000,0.000000,56,31,1677185272
ab6316,SWA1286 ,15875,342,0.000000,0.000000,56,32,1677185272
ab6316,SWA1286 ,15875,343,0.000000,0.000000,56,33,1677185273
ab6316,SWA1286 ,15950,343,0.000000,0.000000,56,35,1677185273
ab6316,SWA1286 ,15950,343,0.000000,0.000000,56,36,1677185273
ab6316,SWA1286 ,15950,343,0.000000,0.000000,56,37,1677185273
ab6316,SWA1286 ,15950,343,33.948669,-118.404703,56,38,1677185274
ab6316,SWA1286 ,15950,343,33.948669,-118.404703,56,40,1677185274
ab6316,SWA1286 ,15975,343,33.948669,-118.404703,56,41,1677185274
ab6316,SWA1286 ,15975,343,33.948669,-118.404703,56,42,1677185274
ab6316,SWA1286 ,15975,343,33.949150,-118.403835,56,43,1677185274
ab6316,SWA1286 ,16000,343,33.949150,-118.403835,56,45,1677185274
ab6316,SWA1286 ,16000,343,33.949150,-118.403835,56,46,1677185274
ab6316,SWA1286 ,16000,343,33.949150,-118.403835,56,47,1677185275
ab6316,SWA1286 ,16000,343,33.949631,-118.403021,56,48,1677185275
ab6316,SWA1286 ,16000,343,33.949631,-118.403021,56,49,1677185275
ab6316,SWA1286 ,16025,343,33.949631,-118.403021,56,50,1677185275
ab6316,SWA1286 ,16025,343,33.949631,-118.403021,56,51,1677185275
ab6316,SWA1286 ,16050,343,33.949631,-118.403021,56,52,1677185275
ab6316,SWA1286 ,16075,343,33.950546,-118.401340,56,55,1677185276
ab6316,SWA1286 ,16075,343,33.950546,-118.401340,56,56,1677185276
ab6316,SWA1286 ,16075,343,33.950546,-118.401340,56,57,1677185276
ab6316,SWA1286 ,16100,343,33.950546,-118.401340,56,58,1677185276
ab6316,SWA1286 ,16100,343,33.950546,-118.401340,56,60,1677185276
ab6316,SWA1286 ,16125,343,33.951478,-118.399715,56,61,1677185277
ab6316,SWA1286 ,16125,343,33.951478,-118.399715,56,63,1677185277
ab6316,SWA1286 ,16125,343,33.951478,-118.399715,56,65,1677185277
ab6316,SWA1286 ,16125,343,33.951478,-118.399715,56,66,1677185277
ab6316,SWA1286 ,16125,344,33.951478,-118.399715,55,68,1677185277
ab6316,SWA1286 ,16125,344,33.951478,-118.399715,55,69,1677185277
ab6316,SWA1286 ,16150,344,33.951478,-118.399715,55,70,1677185277
ab6316,SWA1286 ,16150,344,33.951478,-118.399715,55,73,1677185277
ab6316,SWA1286 ,16150,344,33.952240,-118.398369,55,75,1677185278
ab6316,SWA1286 ,16150,344,33.952240,-118.398369,55,76,1677185278
ab4ea1,,0,115,0.000000,0.000000,134,3,1677185278
ab6316,SWA1286 ,16150,344,33.952240,-118.398369,55,79,1677185278
ab6316,SWA1286 ,16200,344,33.952240,-118.398369,55,81,1677185279
ab6316,SWA1286 ,16200,344,33.952240,-118.398369,55,82,1677185279
a36cc4,,0,0,0.000000,0.000000,0,1,1677185279
ab6316,SWA1286 ,16225,344,33.952240,-118.398369,55,83,1677185279
ab6316,SWA1286 ,16225,344,33.952240,-118.398369,55,84,1677185280
ab6316,SWA1286 ,16275,344,33.952240,-118.398369,55,85,1677185280
a36cc4,,0,0,0.000000,0.000000,0,2,1677185280
ab6316,SWA1286 ,16300,344,33.952240,-118.398369,55,86,1677185280
a36cc4,,5850,0,0.000000,0.000000,0,3,1677185280
ab6316,SWA1286 ,16300,345,33.952240,-118.398369,55,87,1677185280
a36cc4,,5850,0,0.000000,0.000000,0,4,1677185281
a36cc4,,5850,0,0.000000,0.000000,0,5,1677185281
ab6316,SWA1286 ,16300,345,33.952240,-118.398369,55,88,1677185281
ab6316,SWA1286 ,16325,345,33.952240,-118.398369,55,89,1677185281
ab6316,SWA1286 ,16350,345,33.952240,-118.398369,55,90,1677185281
ab6316,SWA1286 ,16350,346,33.955765,-118.392147,55,92,1677185282
ab6316,SWA1286 ,16375,346,33.955765,-118.392147,55,93,1677185282
ab6316,SWA1286 ,16400,346,33.956680,-118.390522,55,94,1677185283
ab6316,SWA1286 ,16400,346,33.956680,-118.390522,55,97,1677185283
ab6316,SWA1286 ,16400,346,33.956680,-118.390522,55,99,1677185283
ab6316,SWA1286 ,16400,346,33.956680,-118.390522,55,100,1677185283
ab6316,SWA1286 ,16450,346,33.956680,-118.390522,55,101,1677185284
ab6316,SWA1286 ,16450,346,33.956680,-118.390522,55,102,1677185284
ab6316,SWA1286 ,16450,346,33.956680,-118.390522,55,103,1677185284
ab6316,SWA1286 ,16550,346,33.956680,-118.390522,55,104,1677185286
ab6316,SWA1286 ,16600,346,33.956680,-118.390522,55,105,1677185287
ab6316,SWA1286 ,16625,348,33.956680,-118.390522,55,107,1677185287
ab6316,SWA1286 ,16625,348,33.956680,-118.390522,55,108,1677185287
ab6316,SWA1286 ,17450,348,33.956680,-118.390522,55,109,1677185305
ab6316,SWA1286 ,17475,348,33.956680,-118.390522,55,110,1677185305
ab6316,SWA1286 ,17475,356,33.956680,-118.390522,55,111,1677185310
ab6316,SWA1286 ,17625,356,33.956680,-118.390522,55,112,1677185310
a361d7,,0,0,0.000000,0.000000,0,1,1677185313
a361d7,,0,0,0.000000,0.000000,0,2,1677185314
a361d7,,3925,0,0.000000,0.000000,0,3,1677185315
ab6316,SWA1286 ,17700,356,33.956680,-118.390522,55,113,1677185316
ab6316,SWA1286 ,17700,356,33.956680,-118.390522,55,114,1677185316
a361d7,,4025,0,0.000000,0.000000,0,4,1677185316
a361d7,,4025,0,0.000000,0.000000,0,5,1677185317
a361d7,,4050,0,0.000000,0.000000,0,6,1677185317
a45586,,0,0,0.000000,0.000000,0,1,1677185317
a45586,,7675,0,0.000000,0.000000,0,2,1677185318
a361d7,,4050,0,0.000000,0.000000,0,7,1677185321
a45586,,7650,0,0.000000,0.000000,0,3,1677185322
a361d7,,4475,0,0.000000,0.000000,0,9,1677185323
a361d7,,4475,0,0.000000,0.000000,0,10,1677185323
a361d7,,4475,0,0.000000,0.000000,0,11,1677185324
a45586,,7625,0,0.000000,0.000000,0,4,1677185324
a45586,,7625,0,0.000000,0.000000,0,5,1677185324
a361d7,,4525,0,0.000000,0.000000,0,12,1677185324
a361d7,,4700,0,0.000000,0.000000,0,13,1677185326
a361d7,,4700,0,0.000000,0.000000,0,14,1677185326
a361d7,,4725,0,0.000000,0.000000,0,15,1677185327
a361d7,,4825,0,0.000000,0.000000,0,16,1677185328
a361d7,,4825,0,0.000000,0.000000,0,17,1677185328
a361d7,,4850,0,0.000000,0.000000,0,18,1677185328
a361d7,,4875,0,0.000000,0.000000,0,19,1677185329
a361d7,,4875,258,0.000000,0.000000,87,20,1677185329
a361d7,,4950,258,0.000000,0.000000,87,21,1677185330
a361d7,,4950,258,0.000000,0.000000,87,22,1677185330
a361d7,,4975,258,0.000000,0.000000,87,23,1677185330
a361d7,,5000,258,0.000000,0.000000,87,24,1677185330
a361d7,,5025,257,0.000000,0.000000,85,26,1677185330
a361d7,,5075,257,0.000000,0.000000,85,29,1677185331
a361d7,,5075,257,0.000000,0.000000,85,31,1677185331
a361d7,,5075,257,0.000000,0.000000,85,32,1677185331
a45586,,7550,0,0.000000,0.000000,0,6,1677185332
a361d7,,5150,257,0.000000,0.000000,85,33,1677185332
a361d7,,5150,257,0.000000,0.000000,85,34,1677185332
a361d7,,5150,257,0.000000,0.000000,82,35,1677185332
a361d7,,5175,257,0.000000,0.000000,82,36,1677185332
a361d7,,5225,257,0.000000,0.000000,80,38,1677185333
a361d7,,5225,257,0.000000,0.000000,80,39,1677185333
a361d7,,5225,257,0.000000,0.000000,80,40,1677185333
a361d7,,5250,257,0.000000,0.000000,80,41,1677185333
a361d7,,5250,257,0.000000,0.000000,80,43,1677185333
a361d7,,5275,257,0.000000,0.000000,80,44,1677185334
a361d7,,5350,257,0.000000,0.000000,80,47,1677185335
a361d7,,5350,257,0.000000,0.000000,80,48,1677185335
a361d7,,5350,257,0.000000,0.000000,80,51,1677185335
a361d7,,5350,257,0.000000,0.000000,80,52,1677185335
a361d7,,5400,257,0.000000,0.000000,80,53,1677185335
a361d7,,5425,257,0.000000,0.000000,80,54,1677185336
a361d7,,5425,257,0.000000,0.000000,80,55,1677185336
a45586,,7500,0,0.000000,0.000000,0,7,1677185336
a45586,,7500,0,0.000000,0.000000,0,8,1677185336
a361d7,,5425,257,0.000000,0.000000,80,56,1677185336
a361d7,,5425,257,0.000000,0.000000,80,57,1677185336
a361d7,,5425,257,0.000000,0.000000,74,58,1677185336
a361d7,,5475,257,0.000000,0.000000,74,59,1677185336
a361d7,,5475,257,0.000000,0.000000,74,60,1677185337
a361d7,,5475,257,0.000000,0.000000,74,61,1677185337
a361d7,,5525,257,0.000000,0.000000,74,62,1677185337
a361d7,,5525,257,0.000000,0.000000,74,63,1677185337
a361d7,,5550,257,0.000000,0.000000,74,68,1677185337
a361d7,,5550,257,0.000000,0.000000,74,69,1677185337
a361d7,,5550,257,0.000000,0.000000,74,70,1677185338
a361d7,,5550,257,0.000000,0.000000,74,71,1677185338
a361d7,,5575,257,0.000000,0.000000,74,72,1677185338
a361d7,,5600,257,0.000000,0.000000,74,74,1677185338
a361d7,,5600,258,0.000000,0.000000,70,76,1677185338
a361d7,,5625,258,0.000000,0.000000,70,78,1677185338
a361d7,,5625,258,0.000000,0.000000,70,79,1677185339
a45586,DAL1530 ,7500,0,0.000000,0.000000,0,9,1677185339
a361d7,,5675,258,34.145508,-118.429871,70,81,1677185339
a45586,DAL1530 ,7475,0,0.000000,0.000000,0,10,1677185339
a361d7,,5675,258,34.145508,-118.429871,70,82,1677185339
a45586,DAL1530 ,7450,0,0.000000,0.000000,0,11,1677185339
a361d7,,5675,258,34.145508,-118.429871,70,83,1677185339
a361d7,,5700,258,34.145508,-118.429871,70,84,1677185339
a361d7,,5700,258,34.145508,-118.429871,70,86,1677185340
a361d7,,5700,258,34.145508,-118.429871,70,88,1677185340
a361d7,,5700,258,34.145737,-118.429142,70,90,1677185340
a361d7,,5725,258,34.145737,-118.429142,70,91,1677185340
a361d7,,5725,258,34.145737,-118.429142,70,93,1677185340
a361d7,,5725,258,34.145737,-118.429142,70,94,1677185340
a361d7,,5725,258,34.145737,-118.429142,70,95,1677185340
a361d7,,5725,258,34.145737,-118.429142,70,96,1677185340
a361d7,,5775,258,34.145737,-118.429142,70,97,1677185341
a45586,DAL1530 ,7450,267,0.000000,0.000000,96,12,1677185341
a361d7,,5775,258,34.145737,-118.429142,70,98,1677185341
a361d7,,5800,258,34.145737,-118.429142,70,101,1677185341
a361d7,,5800,257,34.146439,-118.427296,65,103,1677185341
a361d7,,5825,257,34.146439,-118.427296,65,105,1677185341
a361d7,,5825,257,34.146439,-118.427296,65,107,1677185341
a361d7,,5825,257,34.146439,-118.427296,65,108,1677185342
a45586,DAL1530 ,7425,267,0.000000,0.000000,96,13,1677185342
a361d7,,5850,257,34.146439,-118.427296,65,111,1677185342
a45586,DAL1530 ,7425,266,0.000000,0.000000,96,14,1677185342
a361d7,,5850,257,34.146439,-118.427296,65,115,1677185342
a361d7,,5850,257,34.146439,-118.427296,65,116,1677185342
a361d7,,5850,257,34.146439,-118.427296,63,119,1677185342
a361d7,,5900,257,34.146439,-118.427296,63,120,1677185342
a361d7,,5900,257,34.146439,-118.427296,63,121,1677185343
a361d7,,5900,257,34.146439,-118.427296,63,122,1677185343
a361d7,,5925,257,34.146439,-118.427296,63,123,1677185343
a361d7,,5925,257,34.146439,-118.427296,63,126,1677185343
a361d7,,5950,257,34.147463,-118.424778,63,130,1677185343
a45586,DAL1530 ,7425,266,0.000000,0.000000,96,15,1677185343
a361d7,,5950,257,34.147463,-118.424778,63,131,1677185343
a361d7,,5950,257,34.147463,-118.424778,63,132,1677185343
a361d7,,5975,257,34.147463,-118.424778,63,134,1677185344
a361d7,,6000,257,34.147463,-118.424778,63,135,1677185344
a361d7,,6000,257,34.147463,-118.424778,63,136,1677185344
a361d7,,6000,257,34.147463,-118.424778,63,139,1677185344
a361d7,,6000,257,34.147463,-118.424778,59,140,1677185344
a361d7,,6000,257,34.148071,-118.423481,59,141,1677185344
a361d7,,6025,257,34.148071,-118.423481,59,142,1677185344
a361d7,,6025,257,34.148071,-118.423481,59,143,1677185344
a361d7,,6025,257,34.148071,-118.423481,59,144,1677185345
a361d7,,6050,257,34.148071,-118.423481,59,147,1677185345
a361d7,,6050,257,34.148071,-118.423481,59,148,1677185345
a361d7,,6050,257,34.148071,-118.423481,59,149,1677185345
a361d7,,6075,258,34.148071,-118.423481,58,151,1677185345
a361d7,,6075,258,34.148071,-118.423481,58,153,1677185345
a361d7,,6075,258,34.148071,-118.423481,58,154,1677185345
a361d7,,6100,258,34.148071,-118.423481,58,156,1677185345
a361d7,,6100,258,34.148071,-118.423481,58,158,1677185346
a361d7,,6100,258,34.148071,-118.423481,58,159,1677185346
a361d7,,6100,258,34.148071,-118.423481,58,160,1677185346
a361d7,,6100,257,34.148071,-118.423481,56,161,1677185346
a361d7,,6125,257,34.148071,-118.423481,56,162,1677185346
a45586,DAL1530 ,7375,266,0.000000,0.000000,96,16,1677185346
a361d7,,6125,257,34.148071,-118.423481,56,163,1677185346
a361d7,,6150,257,34.148071,-118.423481,56,164,1677185346
a361d7,,6150,257,34.148071,-118.423481,56,168,1677185346
a361d7,,6175,257,34.148071,-118.423481,56,171,1677185347
a45586,DAL1530 ,7375,266,0.000000,0.000000,96,19,1677185347
a361d7,,6200,257,34.148071,-118.423481,56,172,1677185347
a45586,DAL1530 ,7375,266,0.000000,0.000000,96,20,1677185347
a361d7,,6225,257,34.148071,-118.423481,56,173,1677185347
a361d7,,6225,257,34.148071,-118.423481,56,175,1677185347
a361d7,,6225,257,34.148071,-118.423481,56,176,1677185347
a361d7,,6225,257,34.148071,-118.423481,56,177,1677185348
a361d7,,6225,257,34.148071,-118.423481,56,178,1677185348
a45586,DAL1530 ,7350,266,0.000000,0.000000,96,21,1677185348
a45586,DAL1530 ,7350,266,0.000000,0.000000,96,22,1677185348
a361d7,,6275,257,34.150726,-118.418716,56,179,1677185348
a361d7,,6275,257,34.150726,-118.418716,56,181,1677185348
a361d7,,6300,257,34.150726,-118.418716,56,183,1677185348
a361d7,,6325,257,34.150726,-118.418716,56,184,1677185349
a361d7,,6325,257,34.151276,-118.417819,56,185,1677185349
a361d7,,6325,257,34.151276,-118.417819,56,186,1677185349
a361d7,,6375,257,34.151276,-118.417819,56,187,1677185350
a45586,DAL1530 ,7325,266,0.000000,0.000000,96,23,1677185350
a45586,DAL1530 ,7325,266,0.000000,0.000000,96,24,1677185351
a45586,DAL1530 ,7325,263,0.000000,0.000000,96,25,1677185351
a361d7,,6450,257,34.151276,-118.417819,56,188,1677185351
a45586,DAL1530 ,7325,263,0.000000,0.000000,96,26,1677185351
a361d7,,6450,257,34.151276,-118.417819,56,193,1677185351
a45586,DAL1530 ,7325,263,0.000000,0.000000,96,28,1677185351
a361d7,,6475,257,34.151276,-118.417819,56,195,1677185351
ab6316,SWA1286 ,17700,356,33.956680,-118.390522,55,115,1677185352
a361d7,,6475,257,34.151276,-118.417819,56,196,1677185352
a45586,DAL1530 ,7300,263,0.000000,0.000000,96,34,1677185352
a45586,DAL1530 ,7300,263,0.000000,0.000000,96,35,1677185353
a361d7,,6575,257,34.151276,-118.417819,56,197,1677185353
a361d7,,6575,257,34.151276,-118.417819,56,198,1677185353
a361d7,,6600,257,34.151276,-118.417819,56,199,1677185354
a45586,DAL1530 ,7275,263,0.000000,0.000000,96,36,1677185355
a361d7,,6725,257,34.151276,-118.417819,56,200,1677185356
a45586,DAL1530 ,7275,263,0.000000,0.000000,96,37,1677185356
a361d7,,6725,257,34.151276,-118.417819,56,201,1677185356
a361d7,,6725,257,34.151276,-118.417819,56,202,1677185356
a45586,DAL1530 ,7250,263,0.000000,0.000000,96,40,1677185357
ab6316,SWA1286 ,18400,356,33.956680,-118.390522,55,116,1677185359
a45586,DAL1530 ,7225,263,0.000000,0.000000,96,41,1677185360
a45586,DAL1530 ,7200,263,0.000000,0.000000,96,42,1677185361
a45586,DAL1530 ,7175,263,0.000000,0.000000,96,44,1677185362
a45586,DAL1530 ,7150,263,0.000000,0.000000,96,45,1677185364
a45586,DAL1530 ,7125,263,0.000000,0.000000,96,46,1677185365
a45586,DAL1530 ,7125,263,0.000000,0.000000,96,50,1677185365
a45586,DAL1530 ,7125,263,0.000000,0.000000,96,51,1677185366
a45586,DAL1530 ,7125,259,0.000000,0.000000,85,52,1677185367
